Year	Type	Sequence	Source
Y2	LARGE	0000033333330330203000300000	F42.seq
Y2	LARGE	00000000000030044423	F42.seq
Y3	MEDIUM	000033300000	F42.seq
Y4	MEDIUM	0333033000	F42.seq
Y5	MEDIUM	000000000	F42.seq
Y3	MEDIUM	00000000	F42.seq
Y3	MEDIUM	000000000000	F42.seq
Y4	LARGE	0000000330400304400	F42.seq
Y5	MEDIUM	00000000	F42.seq
Y3	MEDIUM	40000000	F42.seq
Y4	MEDIUM	000000	F42.seq
Y3	MEDIUM	000004000000	F42.seq
Y4	MEDIUM	00004030000	F42.seq
Y5	MEDIUM	0000000	F42.seq
Y5	MEDIUM	00000000	F42.seq
Y5	MEDIUM	000000	F42.seq
Y2	LARGE	00300103000331311333040000033002000000004444403	F42.seq
Y3	LARGE	000003302032040000	F42.seq
Y4	MEDIUM	00000344200	F42.seq
Y3	LARGE	000003033000000300	F42.seq
Y5	MEDIUM	000000	F42.seq
Y4	MEDIUM	0000403333000	F42.seq
Y5	MEDIUM	00000000000000	F42.seq
Y3	LARGE	000033434404400000	F42.seq
Y5	MEDIUM	000000	F42.seq
Y3	LARGE	0000033033330000000	F42.seq
Y4	LARGE	00000000034434344443000000	F42.seq
Y5	LARGE	00000000000000000	F42.seq
Y5	MEDIUM	000000	F42.seq
Y3	LARGE	0003000033040030430000000	F42.seq
Y4	LARGE	00000000000000034330300303330	F42.seq
Y5	LARGE	0000000000000000000000000	F42.seq
Y5	MEDIUM	000000000	F42.seq
Y5	MEDIUM	00000000000	F42.seq
Y5	MEDIUM	0000	F42.seq
Y4	MEDIUM	00004000000000	F42.seq
Y5	MEDIUM	00000	F42.seq
Y3	LARGE	003333343333303	F42.seq
Y4	LARGE	00003444034400433000000	F42.seq
Y5	LARGE	0000000000000000000000	F42.seq
Y5	MEDIUM	00000	F42.seq
Y5	MEDIUM	000000	F42.seq
Y3	MEDIUM	00000340430000	F42.seq
Y4	MEDIUM	000330434400	F42.seq
Y5	MEDIUM	00000000	F42.seq
Y3	MEDIUM	000030033000	F42.seq
Y4	MEDIUM	000000030	F42.seq
Y4	MEDIUM	000000	F42.seq
Y5	MEDIUM	000000	F42.seq
Y4	MEDIUM	000000000000	F42.seq
Y5	MEDIUM	00000	F42.seq
Y5	MEDIUM	00000000	F42.seq
Y4	MEDIUM	00000000300	F42.seq
Y5	MEDIUM	00000	F42.seq
Y5	MEDIUM	000000	F42.seq
Y2	LARGE	03010000110000000000034040040000000004444004044040000010230300300	F42.seq
Y2	LARGE	00000333044444400400000	F42.seq
Y2	MEDIUM	0000000	F42.seq
Y3	LARGE	0044444400003000300	F42.seq
Y4	MEDIUM	00030330300	F42.seq
Y5	MEDIUM	000000000000	F42.seq
Y3	LARGE	0000000003300000030	F42.seq
Y4	MEDIUM	0000340040300	F42.seq
Y5	MEDIUM	00000	F42.seq
Y3	LARGE	00000000033030300000004000	F42.seq
Y4	MEDIUM	030333300	F42.seq
Y5	MEDIUM	00000000	F42.seq
Y4	MEDIUM	03333333000	F42.seq
Y5	MEDIUM	000000000	F42.seq
Y2	LARGE	0400033030000330333420000	F42.seq
Y2	LARGE	00000003334444021	F42.seq
Y4	LARGE	000000000344444403000	F42.seq
Y5	LARGE	0000000000000000	F42.seq
Y3	MEDIUM	000000000000	F42.seq
Y4	LARGE	0000000033043333000	F42.seq
Y5	MEDIUM	00000000	F42.seq
Y5	MEDIUM	00000	F42.seq
Y3	MEDIUM	000330	F42.seq
Y4	MEDIUM	0000003000	F42.seq
Y5	MEDIUM	00000000	F42.seq
Y3	MEDIUM	000030000000	F42.seq
Y3	MEDIUM	0000	F42.seq
Y4	MEDIUM	00003043000	F42.seq
Y5	MEDIUM	00000	F42.seq
Y3	LARGE	000000303303033030000000	F42.seq
Y5	MEDIUM	00000	F42.seq
Y5	MEDIUM	0000000	F42.seq
Y2	LARGE	003030033330300	F42.seq
Y2	LARGE	0000000000312223	F42.seq
Y5	MEDIUM	0000000	F42.seq
Y5	MEDIUM	00000000000	F42.seq
Y3	LARGE	00000030030030000	F42.seq
Y4	MEDIUM	00303400	F42.seq
Y5	MEDIUM	000000	F42.seq
Y3	MEDIUM	000000333000	F42.seq
Y3	MEDIUM	000000	F42.seq
Y4	MEDIUM	0000033040400	F42.seq
Y5	MEDIUM	000000	F42.seq
Y5	MEDIUM	0000000	F42.seq
Y3	MEDIUM	000000000000	F42.seq
Y3	MEDIUM	00003333	F42.seq
Y3	LARGE	00003030000300300	F42.seq
Y4	LARGE	00000040444444000	F42.seq
Y5	MEDIUM	000000000000000	F42.seq
Y5	MEDIUM	00000	F42.seq
Y5	MEDIUM	00000	F42.seq
Y3	LARGE	00000030330432020000	F42.seq
Y5	MEDIUM	000000	F42.seq
Y5	MEDIUM	00000	F42.seq
Y4	MEDIUM	0000003400	F42.seq
Y4	MEDIUM	000000	F42.seq
Y5	MEDIUM	00000	F42.seq
Y4	MEDIUM	0003003000	F42.seq
Y2	MEDIUM	0033343223	F42.seq
Y2	MEDIUM	000003444000	F42.seq
Y3	MEDIUM	000000000040	F42.seq
Y3	MEDIUM	000000000	F42.seq
Y3	MEDIUM	000004000000	F42.seq
Y4	MEDIUM	000033300	F42.seq
Y5	MEDIUM	00000	F42.seq
Y5	MEDIUM	0000000	F42.seq
Y4	MEDIUM	00034000	F42.seq
Y5	MEDIUM	00000000000	F42.seq
Y5	MEDIUM	00000000	F42.seq
Y4	MEDIUM	00000000	F42.seq
Y5	LARGE	00000000000000000000000	F42.seq
Y4	MEDIUM	000333300	F42.seq
Y5	MEDIUM	000000	F42.seq
Y4	MEDIUM	000033304000	F42.seq
Y5	MEDIUM	00000000	F42.seq
Y3	LARGE	0004444033333000	F42.seq
Y4	MEDIUM	000340000	F42.seq
Y3	MEDIUM	000000	F42.seq
Y3	MEDIUM	000000	F42.seq
Y3	LARGE	00404444004020030300	F42.seq
Y4	MEDIUM	0000000	F42.seq
Y5	MEDIUM	000000	F42.seq
Y4	MEDIUM	0000000	F42.seq
Y5	MEDIUM	0000000	F42.seq
Y4	MEDIUM	0033003333	F42.seq
Y5	MEDIUM	000000000000	F42.seq
Y5	MEDIUM	000000	F42.seq
Y4	MEDIUM	000000	F42.seq
Y4	MEDIUM	00000003033000	F42.seq
Y5	MEDIUM	00000000	F42.seq
Y5	MEDIUM	0000000000	F42.seq
Y3	MEDIUM	000030440000	F42.seq
Y4	MEDIUM	000303333000	F42.seq
Y5	MEDIUM	00000000	F42.seq
Y3	MEDIUM	000000	F42.seq
Y4	MEDIUM	000030	F42.seq
Y5	MEDIUM	00000000	F42.seq
Y1	LARGE	000014040300132000000040003001100340400404000001030100001	F42.seq
Y2	LARGE	303030444440444444400	F42.seq
Y2	MEDIUM	000000000	F42.seq
Y3	LARGE	003304033040020330000	F42.seq
Y4	MEDIUM	0000000300	F42.seq
Y3	LARGE	00000030030000000	F42.seq
Y4	MEDIUM	000000000003300	F42.seq
Y3	LARGE	0003433330333330300000000000	F42.seq
Y4	LARGE	000000000000400003330	F42.seq
Y5	LARGE	0000000000000000	F42.seq
Y5	MEDIUM	0000	F42.seq
Y5	MEDIUM	0000	F42.seq
Y3	LARGE	000003333330030400000000000000	F42.seq
Y4	LARGE	0000000004040440000	F42.seq
Y5	MEDIUM	000000	F42.seq
Y5	MEDIUM	00000	F42.seq
Y3	LARGE	0000003033033044440440400000002000	F42.seq
Y4	MEDIUM	00000	F42.seq
Y4	MEDIUM	000000	F42.seq
Y4	MEDIUM	00000000	F42.seq
Y4	MEDIUM	00000340300	F42.seq
Y5	MEDIUM	0000000	F42.seq
Y2	LARGE	0000000000	F42.seq
Y3	LARGE	000003030330304404404044040000000000	F42.seq
Y4	MEDIUM	00000	F42.seq
Y5	MEDIUM	0000000	F42.seq
Y4	MEDIUM	00003000	F42.seq
Y5	LARGE	0000000000000000000000000000	F42.seq
Y5	MEDIUM	0000000	F42.seq
Y4	MEDIUM	0000000	F42.seq
Y5	MEDIUM	00000000	F42.seq
Y4	MEDIUM	03300330300	F42.seq
Y5	LARGE	0000000000000	F42.seq
Y3	LARGE	0000303303043044044400000000000	F42.seq
Y5	MEDIUM	0000	F42.seq
Y5	MEDIUM	0000000	F42.seq
Y5	MEDIUM	00000	F42.seq
Y5	MEDIUM	000000000	F42.seq
Y4	MEDIUM	00003443330	F42.seq
Y3	LARGE	00300233000002033000002334020020000	F42.seq
Y3	LARGE	00000000000303203330030	F42.seq
Y4	MEDIUM	0030333300000	F42.seq
Y5	MEDIUM	000000	F42.seq
Y4	MEDIUM	00000000	F42.seq
Y5	MEDIUM	0000000	F42.seq
Y4	MEDIUM	003000	F42.seq
Y5	LARGE	0000000000000000	F42.seq
Y5	MEDIUM	0000	F42.seq
Y4	MEDIUM	00000303333310	F42.seq
Y5	LARGE	00000000000000000000000	F42.seq
Y5	LARGE	00000000000000000	F42.seq
Y4	MEDIUM	00000003000	F42.seq
Y5	LARGE	0000000000000000000000	F42.seq
Y5	MEDIUM	0000000	F42.seq
Y4	MEDIUM	0040000	F42.seq
Y5	MEDIUM	00000	F42.seq
Y5	MEDIUM	0000000	F42.seq
Y4	MEDIUM	00000	F42.seq
Y5	MEDIUM	00000000	F42.seq
Y4	MEDIUM	00000	F42.seq
Y5	MEDIUM	00000000	F42.seq
Y4	MEDIUM	000000	F42.seq
Y4	MEDIUM	00000004400	F42.seq
Y5	MEDIUM	000000	F42.seq
Y3	MEDIUM	00004000000000	F42.seq
Y4	MEDIUM	0003000	F42.seq
Y4	MEDIUM	00040444400	F42.seq
Y5	MEDIUM	000000000000	F42.seq
Y3	MEDIUM	0000300333	F42.seq
Y4	MEDIUM	0003044000	F42.seq
Y5	MEDIUM	0000000	F42.seq
Y3	LARGE	000303004003033033000	F42.seq
Y5	MEDIUM	0000000	F42.seq
Y4	MEDIUM	0004304300	F42.seq
Y5	MEDIUM	00000000	F42.seq
Y3	LARGE	000030033330433300000000	F42.seq
Y4	LARGE	000000040404440000440040300	F42.seq
Y5	LARGE	00000000000000000	F42.seq
Y5	MEDIUM	0000000000000	F42.seq
Y5	MEDIUM	00000	F42.seq
Y3	LARGE	003033333333333322000000	F42.seq
Y5	MEDIUM	000000	F42.seq
Y5	MEDIUM	00000	F42.seq
Y4	MEDIUM	00000	F42.seq
Y5	MEDIUM	00000	F42.seq
Y4	MEDIUM	00000	F42.seq
Y5	MEDIUM	00000	F42.seq
Y4	MEDIUM	00304333000	F42.seq
Y5	MEDIUM	000000	F42.seq
Y4	MEDIUM	00000040000	F42.seq
Y5	MEDIUM	00000000	F42.seq
Y3	LARGE	00000030040000000	F42.seq
Y4	LARGE	000000000444444404003000	F42.seq
Y5	LARGE	0000000	F42.seq
Y4	MEDIUM	000000000	F42.seq
Y3	MEDIUM	0000000300000000	F42.seq
Y5	MEDIUM	0000000000000	F42.seq
Y3	MEDIUM	0030000	F42.seq
Y4	MEDIUM	00000000000000	F42.seq
Y5	MEDIUM	00000000	F42.seq
Y5	MEDIUM	00000000	F42.seq
Y4	MEDIUM	00000000030000	F42.seq
Y5	LARGE	0000000	F42.seq
Y5	MEDIUM	0000000	F42.seq
Y4	MEDIUM	00300000000	F42.seq
Y5	MEDIUM	000000000	F42.seq
Y5	MEDIUM	000000	F42.seq
Y5	MEDIUM	0000000	F42.seq
Y2	LARGE	000000331213233322310400404404404044001030030200040444440	F42.seq
Y3	LARGE	000300333003300000	F42.seq
Y4	MEDIUM	00333333300	F42.seq
Y5	MEDIUM	0000000	F42.seq
Y3	LARGE	000000033000340000	F42.seq
Y4	MEDIUM	0033000	F42.seq
Y4	MEDIUM	0003333043000	F42.seq
Y5	MEDIUM	000000	F42.seq
Y3	MEDIUM	00000000	F42.seq
Y3	LARGE	0000000033330000300	F42.seq
Y3	MEDIUM	000000000	F42.seq
Y3	MEDIUM	000030000000	F42.seq
Y4	MEDIUM	0000000	F42.seq
Y5	MEDIUM	00000000	F42.seq
Y3	MEDIUM	000000330000	F42.seq
Y4	MEDIUM	0000000030	F42.seq
Y5	MEDIUM	00000	F42.seq
Y3	LARGE	00033030330433400004003000	F42.seq
Y4	LARGE	000000330444444404000	F42.seq
Y5	MEDIUM	0000000000	F42.seq
Y3	MEDIUM	000000000000	F42.seq
Y4	LARGE	00000000044444404404000	F42.seq
Y5	LARGE	0000000	F42.seq
Y3	LARGE	0000300000000000000000	F42.seq
Y4	LARGE	000000004444440440030	F42.seq
Y5	LARGE	0000000	F42.seq
Y3	MEDIUM	000000	F42.seq
Y4	MEDIUM	000000	F42.seq
Y5	MEDIUM	00000	F42.seq
Y4	MEDIUM	0003044040	F42.seq
Y3	LARGE	03333334040300300400	F42.seq
Y4	LARGE	0000000304404444000	F42.seq
Y5	MEDIUM	0000000	F42.seq
Y5	MEDIUM	000000	F42.seq
Y4	MEDIUM	03000	F42.seq
Y5	MEDIUM	00000000	F42.seq
Y1	LARGE	000003033030000000301004040000000000000004001001111	F42.seq
Y2	LARGE	0000030344404400	F42.seq
Y3	MEDIUM	00303000000	F42.seq
Y4	MEDIUM	000000030	F42.seq
Y5	MEDIUM	0000	F42.seq
Y4	MEDIUM	0003444000	F42.seq
Y4	MEDIUM	000000	F42.seq
Y3	MEDIUM	0000033000	F42.seq
Y4	MEDIUM	000003000	F42.seq
Y5	MEDIUM	00000	F42.seq
Y3	LARGE	0000000033330333300	F42.seq
Y4	MEDIUM	0000030030000	F42.seq
Y5	MEDIUM	00000	F42.seq
Y5	MEDIUM	0000000	F42.seq
Y4	MEDIUM	0000000000030303300	F42.seq
Y5	MEDIUM	00000	F42.seq
Y3	MEDIUM	000000	F42.seq
Y4	MEDIUM	000000	F42.seq
Y3	MEDIUM	0000300000030	F42.seq
Y4	MEDIUM	00003333030	F42.seq
Y5	MEDIUM	0000	F42.seq
Y2	LARGE	00034343443333444200	F42.seq
Y4	MEDIUM	000000330	F42.seq
Y4	MEDIUM	0000	F42.seq
Y5	MEDIUM	00000000	F42.seq
Y2	LARGE	00333340044043400	F42.seq
Y3	MEDIUM	000000	F42.seq
Y4	MEDIUM	00003000030000	F42.seq
Y5	MEDIUM	00000000	F42.seq
Y4	MEDIUM	00300	F42.seq
Y3	MEDIUM	0000330300	F42.seq
Y4	MEDIUM	000003333000	F42.seq
Y4	MEDIUM	0003	F42.seq
Y2	LARGE	00003333333333330000000003340000	F42.seq
Y3	LARGE	000400303003033000	F42.seq
Y4	MEDIUM	000000330000	F42.seq
Y5	MEDIUM	0000000000	F42.seq
Y4	MEDIUM	000000	F42.seq
Y5	MEDIUM	00000	F42.seq
Y5	MEDIUM	0000	F42.seq
Y4	MEDIUM	0000000	F42.seq
Y2	LARGE	0003333333334301304000000000400000	F42.seq
Y2	LARGE	00000030304444320	F42.seq
Y3	MEDIUM	00030330000	F42.seq
Y4	MEDIUM	00000400300	F42.seq
Y5	MEDIUM	00000000	F42.seq
Y2	LARGE	00000030333234330000300000000	F42.seq
Y2	LARGE	000000030044430	F42.seq
Y5	MEDIUM	00000000	F42.seq
Y3	MEDIUM	00000000	F42.seq
Y4	MEDIUM	00000030000	F42.seq
Y5	MEDIUM	0000	F42.seq
Y4	MEDIUM	00000004030	F42.seq
Y5	MEDIUM	0000	F42.seq
Y4	MEDIUM	00000	F42.seq
Y5	MEDIUM	0000	F42.seq
Y3	MEDIUM	00003003000	F42.seq
Y4	MEDIUM	00000343000	F42.seq
Y5	MEDIUM	000000	F42.seq
Y3	LARGE	0000033033030030000	F42.seq
Y4	LARGE	000000000004404044040	F42.seq
Y5	MEDIUM	00000	F42.seq
Y5	MEDIUM	0000	F42.seq
Y5	MEDIUM	00000	F42.seq
Y5	MEDIUM	00000	F42.seq
Y5	MEDIUM	0000	F42.seq
Y3	LARGE	00030033030333000000000	F42.seq
Y4	MEDIUM	000004000040000	F42.seq
Y5	MEDIUM	0000000000000000	F42.seq
Y5	MEDIUM	00000	F42.seq
Y4	MEDIUM	000000000000	F42.seq
Y5	MEDIUM	00000000	F42.seq
Y3	MEDIUM	00003033000	F42.seq
Y4	MEDIUM	000000300300	F42.seq
Y5	MEDIUM	00000000	F42.seq
Y3	MEDIUM	00000000	F42.seq
Y4	MEDIUM	00000000000	F42.seq
Y5	MEDIUM	0000	F42.seq
Y4	MEDIUM	000000300	F42.seq
Y5	MEDIUM	00000	F42.seq
Y3	MEDIUM	000000	F42.seq
Y2	LARGE	03000333213004044444040000000000	F42.seq
Y2	LARGE	00000000033243330	F42.seq
Y3	LARGE	000330330334000040	F42.seq
Y4	MEDIUM	00030040000	F42.seq
Y5	MEDIUM	000000	F42.seq
Y3	MEDIUM	000000	F42.seq
Y3	LARGE	0000000003003330000000000	F42.seq
Y4	LARGE	0000003404434040030000	F42.seq
Y5	MEDIUM	0000000000000	F42.seq
Y5	MEDIUM	0000	F42.seq
Y5	MEDIUM	00000	F42.seq
Y4	MEDIUM	00000000000	F42.seq
Y5	MEDIUM	00000	F42.seq
Y4	MEDIUM	000000003333000	F42.seq
Y5	MEDIUM	0000000	F42.seq
Y4	MEDIUM	00000000300	F42.seq
Y3	MEDIUM	003000000	F42.seq
Y5	MEDIUM	0000	F42.seq
Y4	MEDIUM	03000330333300	F42.seq
Y5	MEDIUM	0000000	F42.seq
Y2	MEDIUM	000000030300	F42.seq
Y2	MEDIUM	0000000	F42.seq
Y3	MEDIUM	00000003300	F42.seq
Y2	LARGE	00000000033333000030300000300	F42.seq
Y2	LARGE	000300333443130	F42.seq
Y3	LARGE	003003030000000000	F42.seq
Y4	LARGE	000000000030400403000	F42.seq
Y5	MEDIUM	0000000	F42.seq
Y3	MEDIUM	000000	F42.seq
Y3	LARGE	000004333003323300000	F42.seq
Y5	MEDIUM	00000	F42.seq
Y4	MEDIUM	00000000	F42.seq
Y5	MEDIUM	00000	F42.seq
Y4	MEDIUM	000000300000	F42.seq
Y5	MEDIUM	000000000	F42.seq
Y5	MEDIUM	00000	F42.seq
Y5	MEDIUM	00000	F42.seq
Y2	LARGE	003333344344444044000000003	F42.seq
Y3	MEDIUM	03034023300000	F42.seq
Y4	MEDIUM	003000303	F42.seq
Y4	MEDIUM	000000	F42.seq
Y2	MEDIUM	000000300	F42.seq
Y2	MEDIUM	000000030	F42.seq
Y3	LARGE	0300033400	F42.seq
Y4	MEDIUM	000034000	F42.seq
Y4	MEDIUM	000000	F42.seq
Y5	MEDIUM	0000	F42.seq
Y2	LARGE	000030333313030020000000400	F42.seq
Y2	LARGE	00000033442430130	F42.seq
Y3	MEDIUM	000030400	F42.seq
Y4	MEDIUM	0033030000	F42.seq
Y5	MEDIUM	0000000	F42.seq
Y3	LARGE	0000300000000000	F42.seq
Y4	LARGE	0000000034444434403000	F42.seq
Y5	MEDIUM	0000000000000	F42.seq
Y4	MEDIUM	000000	F42.seq
Y3	MEDIUM	00000000000	F42.seq
Y4	LARGE	0000044444034030000	F42.seq
Y5	MEDIUM	000000	F42.seq
Y3	MEDIUM	000000	F42.seq
Y3	LARGE	00304444030000000	F42.seq
Y4	LARGE	0000003344044040000	F42.seq
Y5	MEDIUM	000000	F42.seq
Y5	MEDIUM	00000000	F42.seq
Y4	MEDIUM	0000030	F42.seq
Y2	LARGE	000003020330440000000044000	F42.seq
Y3	LARGE	000000000000000000	F42.seq
Y3	MEDIUM	000000	F42.seq
Y5	MEDIUM	00000	F42.seq
Y4	MEDIUM	003030000	F42.seq
Y5	MEDIUM	000000	F42.seq
Y4	MEDIUM	00003330000	F42.seq
Y5	MEDIUM	00000000000	F42.seq
Y5	MEDIUM	0000000000000	F42.seq
Y2	MEDIUM	000000000	F42.seq
Y2	MEDIUM	00000003444000	F42.seq
Y3	LARGE	00003300304044334000	F42.seq
Y4	MEDIUM	0033044030000	F42.seq
Y5	MEDIUM	00000	F42.seq
Y2	MEDIUM	003030030	F42.seq
Y2	MEDIUM	0000000003	F42.seq
Y4	MEDIUM	0000034004040000	F42.seq
Y5	MEDIUM	0000000	F42.seq
Y5	MEDIUM	000000000	F42.seq
Y3	MEDIUM	0000000	F42.seq
Y2	MEDIUM	0003333000	F42.seq
Y2	MEDIUM	00000300044400	F42.seq
Y3	LARGE	00003044040023000	F42.seq
Y4	MEDIUM	000000000300	F42.seq
Y4	MEDIUM	000000	F42.seq
Y3	MEDIUM	000000	F42.seq
Y4	MEDIUM	00033333000	F42.seq
Y5	MEDIUM	00000000000000000000	F42.seq
Y4	MEDIUM	0000000	F42.seq
Y2	LARGE	00003323443400303000004440000	F42.seq
Y2	MEDIUM	00030000000	F42.seq
Y3	LARGE	030333300303303403000	F42.seq
Y4	MEDIUM	0004043000000	F42.seq
Y5	MEDIUM	00000000000	F42.seq
Y3	MEDIUM	000000030400	F42.seq
Y4	MEDIUM	00030000	F42.seq
Y5	MEDIUM	00000	F42.seq
Y3	MEDIUM	000000	F42.seq
Y4	MEDIUM	000000000	F42.seq
Y5	MEDIUM	00000	F42.seq
Y3	MEDIUM	000000	F42.seq
Y4	MEDIUM	00000000000000	F42.seq
Y5	MEDIUM	000000000000000	F42.seq
Y4	MEDIUM	0000000000000	F42.seq
Y5	MEDIUM	000000000	F42.seq
Y2	MEDIUM	00000302	F42.seq
Y2	MEDIUM	00000000004400	F42.seq
Y3	LARGE	030334044000043333002020	F42.seq
Y4	MEDIUM	000030440300	F42.seq
Y5	MEDIUM	0000000	F42.seq
Y4	MEDIUM	000000000	F42.seq
Y5	MEDIUM	000000	F42.seq
Y5	MEDIUM	000000	F42.seq
Y3	MEDIUM	00000	F42.seq
Y4	MEDIUM	00003303033000	F42.seq
Y4	MEDIUM	000030000	F42.seq
Y5	MEDIUM	0000000000000	F42.seq
Y2	LARGE	000000003004330000	F42.seq
Y2	LARGE	000000000002022	F42.seq
Y3	LARGE	0033330023330200000	F42.seq
Y4	MEDIUM	0003304304000	F42.seq
Y5	MEDIUM	000000	F42.seq
Y3	MEDIUM	333000	F42.seq
Y3	MEDIUM	03444433200	F42.seq
Y5	MEDIUM	000000000000	F42.seq
Y4	MEDIUM	00000000	F42.seq
Y5	MEDIUM	000000	F42.seq
Y4	MEDIUM	00000000	F42.seq
Y5	MEDIUM	00000000	F42.seq
Y3	MEDIUM	0030	F42.seq
Y4	MEDIUM	00000000000	F42.seq
Y5	MEDIUM	00000	F42.seq
Y3	LARGE	000030000000003230	F42.seq
Y4	MEDIUM	000043434000	F42.seq
Y5	MEDIUM	0000000	F42.seq
Y4	MEDIUM	000000000	F42.seq
Y4	MEDIUM	00000000000	F42.seq
Y4	MEDIUM	0000000000000	F42.seq
Y5	MEDIUM	000000000	F42.seq
Y4	MEDIUM	00000000000000	F42.seq
Y5	MEDIUM	00000000	F42.seq
Y3	MEDIUM	000000	F42.seq
Y4	MEDIUM	03403030	F42.seq
Y5	MEDIUM	00000000	F42.seq
Y3	MEDIUM	033343000	F42.seq
Y5	MEDIUM	00000	F42.seq
Y5	MEDIUM	00000000	F42.seq
Y3	MEDIUM	000033000300	F42.seq
Y4	MEDIUM	00030430300	F42.seq
Y5	MEDIUM	00000000	F42.seq
Y5	MEDIUM	00000000	F42.seq
Y4	MEDIUM	0000000	F42.seq
Y5	MEDIUM	000000	F42.seq
UNKNOWN	LARGE	0000000000000000000000000000000000000004401411011020000	F47.seq
Y1	LARGE	000003221100002011414444440000000000000	F47.seq
Y1	MEDIUM	00004004040040000000	F47.seq
Y2	LARGE	003224044044400034044440400	F47.seq
Y2	MEDIUM	000000000	F47.seq
Y3	LARGE	00330302302032030	F47.seq
Y3	MEDIUM	00000000	F47.seq
Y4	MEDIUM	000044440000	F47.seq
Y1	LARGE	000000000330000044444304440404400400023000333300	F47.seq
Y2	MEDIUM	000333344444043	F47.seq
Y3	LARGE	0003333033334030000000	F47.seq
Y4	LARGE	0000000030	F47.seq
Y4	MEDIUM	000000000044044044000	F47.seq
Y5	MEDIUM	00000000	F47.seq
Y2	MEDIUM	0000440	F47.seq
Y3	MEDIUM	0000000	F47.seq
Y3	LARGE	00000004044040040400000	F47.seq
Y5	MEDIUM	000000	F47.seq
Y3	MEDIUM	00033200	F47.seq
Y4	MEDIUM	00000000400000000	F47.seq
Y3	MEDIUM	000000000000	F47.seq
Y4	LARGE	0000000300044300000	F47.seq
Y5	LARGE	00000000000000000000000	F47.seq
Y5	MEDIUM	000000	F47.seq
Y2	LARGE	00000000000000300300030044042000	F47.seq
Y3	LARGE	030433303303300000	F47.seq
Y4	LARGE	000000000044444444000000000000000	F47.seq
Y4	MEDIUM	000000	F47.seq
Y5	MEDIUM	00000000	F47.seq
Y3	MEDIUM	003030033000	F47.seq
Y4	MEDIUM	000000000	F47.seq
Y5	MEDIUM	00000000	F47.seq
Y5	MEDIUM	00000000	F47.seq
Y3	MEDIUM	000033040030000000	F47.seq
Y4	LARGE	000000000044444040000000	F47.seq
Y5	MEDIUM	000000000000	F47.seq
Y5	MEDIUM	000000	F47.seq
Y5	MEDIUM	00000	F47.seq
Y5	MEDIUM	000000000000000	F47.seq
Y5	MEDIUM	000000	F47.seq
Y5	MEDIUM	00000	F47.seq
Y5	MEDIUM	000000000	F47.seq
Y5	LARGE	0000000000000000000	F47.seq
Y2	MEDIUM	00300	F47.seq
Y3	MEDIUM	0000330030300	F47.seq
Y4	MEDIUM	000304000	F47.seq
Y5	MEDIUM	000000	F47.seq
Y3	MEDIUM	03033333334400	F47.seq
Y4	MEDIUM	000000404000	F47.seq
Y5	MEDIUM	00000	F47.seq
Y5	MEDIUM	00000000000	F47.seq
Y3	MEDIUM	00003330	F47.seq
Y3	MEDIUM	000000000	F47.seq
Y3	MEDIUM	000000000	F47.seq
Y4	LARGE	000000004044440440000	F47.seq
Y5	MEDIUM	000000	F47.seq
Y5	MEDIUM	00000	F47.seq
Y5	MEDIUM	00000	F47.seq
Y5	MEDIUM	000000	F47.seq
Y5	MEDIUM	00000000000000	F47.seq
Y4	MEDIUM	000000000004400000	F47.seq
Y5	MEDIUM	000000	F47.seq
Y5	MEDIUM	00000000	F47.seq
Y5	MEDIUM	000000	F47.seq
Y3	MEDIUM	000000000	F47.seq
Y4	LARGE	0000000404444443000	F47.seq
Y5	LARGE	000000000000000000000000	F47.seq
Y1	LARGE	00000003034014410401440444444044000104440404000301000	F47.seq
Y2	MEDIUM	00003043444440000	F47.seq
Y2	MEDIUM	000000004033030300	F47.seq
Y4	MEDIUM	00000000	F47.seq
Y5	MEDIUM	000000	F47.seq
Y3	MEDIUM	0000030003330	F47.seq
Y4	MEDIUM	00000	F47.seq
Y3	MEDIUM	0000330	F47.seq
Y4	LARGE	000000030030300404304000	F47.seq
Y5	MEDIUM	000000000000	F47.seq
Y5	MEDIUM	00000000000	F47.seq
Y3	LARGE	000000000333332300	F47.seq
Y4	MEDIUM	000000	F47.seq
Y5	MEDIUM	00000000	F47.seq
Y4	MEDIUM	0000334330400000	F47.seq
Y5	LARGE	0000000000000000000000000000	F47.seq
Y5	MEDIUM	000000	F47.seq
Y2	LARGE	00000403004033040040000	F47.seq
Y3	LARGE	0030330233333303003000	F47.seq
Y3	MEDIUM	0003000	F47.seq
Y3	MEDIUM	00000000	F47.seq
Y4	MEDIUM	000000	F47.seq
Y4	MEDIUM	000000	F47.seq
Y5	MEDIUM	00000000	F47.seq
Y4	MEDIUM	000300000	F47.seq
Y3	LARGE	00000003033033310340230003000034340	F47.seq
Y4	MEDIUM	000000244000	F47.seq
Y4	MEDIUM	00000300000	F47.seq
Y5	LARGE	00000000000000000000	F47.seq
Y4	LARGE	00003003000330000000	F47.seq
Y4	MEDIUM	0000000000000000	F47.seq
Y5	LARGE	0000000000000000000000	F47.seq
Y5	MEDIUM	00000000000	F47.seq
Y4	MEDIUM	00000	F47.seq
Y5	MEDIUM	000000	F47.seq
Y4	MEDIUM	0000000000000	F47.seq
Y5	MEDIUM	0000000000	F47.seq
Y5	MEDIUM	00000	F47.seq
Y5	MEDIUM	000000000000	F47.seq
Y5	MEDIUM	00000000	F47.seq
Y5	MEDIUM	00000000	F47.seq
Y2	MEDIUM	003043000	F47.seq
Y3	LARGE	00000333333333330030000000000000	F47.seq
Y4	LARGE	0000000400044000040000000000	F47.seq
Y5	MEDIUM	0000000000000	F47.seq
Y5	MEDIUM	00000000	F47.seq
Y5	MEDIUM	00000000000000003	F47.seq
Y5	MEDIUM	00000000	F47.seq
Y5	MEDIUM	00000000	F47.seq
Y5	MEDIUM	00000000000000000	F47.seq
Y2	LARGE	00000303033200330302302000030000	F47.seq
Y3	LARGE	03333033030323203300	F47.seq
Y4	MEDIUM	0000000000000	F47.seq
Y5	MEDIUM	00000	F47.seq
Y5	MEDIUM	00000	F47.seq
Y3	MEDIUM	00000003000033000	F47.seq
Y4	LARGE	00000000004043040000	F47.seq
Y5	MEDIUM	00000000	F47.seq
Y5	MEDIUM	00000	F47.seq
Y4	MEDIUM	000000	F47.seq
Y4	MEDIUM	00000000	F47.seq
Y4	MEDIUM	0004044440	F47.seq
Y5	MEDIUM	000000	F47.seq
Y2	LARGE	0000344044444444444403000	F47.seq
Y3	LARGE	00332333030330200000	F47.seq
Y5	MEDIUM	0000	F47.seq
Y4	MEDIUM	00000000	F47.seq
Y5	MEDIUM	000000	F47.seq
Y3	MEDIUM	0000300	F47.seq
Y4	MEDIUM	0000303300003000	F47.seq
Y4	MEDIUM	000000000	F47.seq
Y5	LARGE	000000000000000000	F47.seq
Y4	MEDIUM	000000	F47.seq
Y4	LARGE	0000004000044440000	F47.seq
Y5	MEDIUM	000000000000	F47.seq
Y4	MEDIUM	00000004000	F47.seq
Y5	MEDIUM	0000000	F47.seq
Y4	MEDIUM	000000	F47.seq
Y5	MEDIUM	00000	F47.seq
Y4	MEDIUM	000000	F47.seq
Y4	MEDIUM	000000000	F47.seq
Y5	MEDIUM	00000	F47.seq
Y4	MEDIUM	00000000	F47.seq
Y3	LARGE	0003333330300003000	F47.seq
Y4	MEDIUM	00000	F47.seq
Y4	MEDIUM	0000000000	F47.seq
Y5	MEDIUM	000000	F47.seq
Y2	MEDIUM	00004030	F47.seq
Y3	MEDIUM	00030000	F47.seq
Y4	MEDIUM	000000000	F47.seq
Y4	MEDIUM	00000000000000	F47.seq
Y2	LARGE	033444444404444000000030200	F47.seq
Y3	MEDIUM	0033003000000000000	F47.seq
Y3	MEDIUM	00030003	F47.seq
Y3	MEDIUM	000303	F47.seq
Y3	MEDIUM	00000003	F47.seq
Y3	MEDIUM	000030000	F47.seq
Y4	MEDIUM	000000400000000	F47.seq
Y5	MEDIUM	000000	F47.seq
Y4	MEDIUM	00000000000	F47.seq
Y4	MEDIUM	000000000	F47.seq
Y5	MEDIUM	000000	F47.seq
Y4	MEDIUM	0000004440	F47.seq
Y5	MEDIUM	000000	F47.seq
Y3	MEDIUM	0003333300000000000	F47.seq
Y4	LARGE	00000044000040000000	F47.seq
Y5	MEDIUM	0000	F47.seq
Y4	MEDIUM	00000000000000	F47.seq
Y5	MEDIUM	0000000	F47.seq
Y3	MEDIUM	003333302	F47.seq
Y5	MEDIUM	0000	F47.seq
Y4	MEDIUM	000000	F47.seq
Y5	MEDIUM	00000	F47.seq
Y2	LARGE	0000003030333330300300301000000000003003010440210300	F47.seq
Y3	LARGE	0000030030300303300	F47.seq
Y4	MEDIUM	0000000040040000400	F47.seq
Y5	MEDIUM	000000	F47.seq
Y4	MEDIUM	000000000	F47.seq
Y3	LARGE	00030330300000003033000	F47.seq
Y4	LARGE	000000400000004000000	F47.seq
Y5	MEDIUM	0000000	F47.seq
Y5	MEDIUM	00000000404404	F47.seq
Y5	MEDIUM	00000000	F47.seq
Y5	MEDIUM	000000	F47.seq
Y5	MEDIUM	00000000000	F47.seq
Y4	MEDIUM	000000	F47.seq
Y5	MEDIUM	00000	F47.seq
Y3	LARGE	000003044040240402	F47.seq
Y4	MEDIUM	00000000000	F47.seq
Y4	MEDIUM	000000	F47.seq
Y5	MEDIUM	000000	F47.seq
Y4	MEDIUM	000004440	F47.seq
Y5	MEDIUM	000000000000	F47.seq
Y4	MEDIUM	00000	F47.seq
Y5	MEDIUM	0000	F47.seq
Y3	MEDIUM	000000003044000	F47.seq
Y4	MEDIUM	000000	F47.seq
Y4	MEDIUM	000000	F47.seq
Y3	LARGE	0000333300234332304000	F47.seq
Y4	MEDIUM	00000	F47.seq
Y5	MEDIUM	0000000	F47.seq
Y4	MEDIUM	000000	F47.seq
Y5	MEDIUM	00000	F47.seq
Y5	MEDIUM	0000000	F47.seq
Y4	MEDIUM	000000000	F47.seq
Y5	MEDIUM	0000000	F47.seq
Y4	MEDIUM	000430404400	F47.seq
Y5	MEDIUM	00000	F47.seq
Y5	MEDIUM	0000	F47.seq
Y5	MEDIUM	000000	F47.seq
Y5	MEDIUM	0000	F47.seq
Y1	LARGE	000000022411431004004004044444444003000	F47.seq
Y2	MEDIUM	000000031042004000000	F47.seq
Y3	LARGE	003030000433303304303300	F47.seq
Y4	LARGE	000000000004444044000	F47.seq
Y5	MEDIUM	00000000	F47.seq
Y3	LARGE	0000000000003000000000303000	F47.seq
Y4	LARGE	0000444440040000000	F47.seq
Y5	MEDIUM	0000	F47.seq
Y5	MEDIUM	000000000	F47.seq
Y5	MEDIUM	00000000	F47.seq
Y3	LARGE	000000003033033330330000000	F47.seq
Y3	LARGE	000000000000000330233000	F47.seq
Y5	MEDIUM	0000	F47.seq
Y4	MEDIUM	00000040404000	F47.seq
Y5	MEDIUM	0000000	F47.seq
Y5	MEDIUM	00000	F47.seq
Y5	MEDIUM	00000000000	F47.seq
Y4	MEDIUM	000004404000	F47.seq
Y3	LARGE	00000030000000003300030030000000	F47.seq
Y5	MEDIUM	000000	F47.seq
Y4	MEDIUM	030000400	F47.seq
Y5	MEDIUM	00000000	F47.seq
Y3	LARGE	000300030330303330303000330300000	F47.seq
Y4	LARGE	000000044044444000000	F47.seq
Y5	MEDIUM	0000000000	F47.seq
Y4	MEDIUM	000300000	F47.seq
Y5	MEDIUM	00000000000	F47.seq
Y4	MEDIUM	000000000	F47.seq
Y4	LARGE	000000000000440043330	F47.seq
Y5	MEDIUM	00000	F47.seq
Y4	MEDIUM	00000000000444000	F47.seq
Y5	LARGE	0000000000000000	F47.seq
Y5	MEDIUM	0000	F47.seq
Y4	MEDIUM	0000000000000000	F47.seq
Y5	MEDIUM	000000000000002	F47.seq
Y5	MEDIUM	0000000000000000	F47.seq
Y3	LARGE	0003003333323320000000	F47.seq
Y3	MEDIUM	000000000000	F47.seq
Y5	MEDIUM	00000	F47.seq
Y5	MEDIUM	0000	F47.seq
Y5	MEDIUM	0000000	F47.seq
Y4	MEDIUM	000000	F47.seq
Y5	MEDIUM	000000	F47.seq
Y5	MEDIUM	00000	F47.seq
Y4	MEDIUM	000000	F47.seq
Y5	MEDIUM	00000000	F47.seq
Y4	MEDIUM	000040444004000	F47.seq
Y5	MEDIUM	00000	F47.seq
Y4	MEDIUM	000000000	F47.seq
Y4	MEDIUM	0000000000	F47.seq
Y5	MEDIUM	00000000000	F47.seq
Y3	MEDIUM	0030000000	F47.seq
Y4	MEDIUM	0000004040000	F47.seq
Y5	MEDIUM	000000	F47.seq
Y5	MEDIUM	00000	F47.seq
Y5	MEDIUM	000000000	F47.seq
Y1	LARGE	0000003230033000120100000000000000404004000000	F47.seq
Y2	LARGE	000304400444444000	F47.seq
Y2	MEDIUM	000000000403000	F47.seq
Y3	LARGE	000333333334043000	F47.seq
Y4	MEDIUM	00030000440	F47.seq
Y5	MEDIUM	0000000	F47.seq
Y4	MEDIUM	0033000000000	F47.seq
Y4	MEDIUM	0000000244300	F47.seq
Y4	MEDIUM	000033303030030	F47.seq
Y4	MEDIUM	00000000	F47.seq
Y5	MEDIUM	000000	F47.seq
Y3	LARGE	003030030303333303004000000	F47.seq
Y4	LARGE	00000000004440440400	F47.seq
Y5	MEDIUM	00000	F47.seq
Y5	MEDIUM	00000000	F47.seq
Y5	MEDIUM	000000	F47.seq
Y4	MEDIUM	000040000	F47.seq
Y4	MEDIUM	000044400	F47.seq
Y5	MEDIUM	000000	F47.seq
Y2	LARGE	00000044440400404002000	F47.seq
Y4	MEDIUM	000000004000000	F47.seq
Y5	MEDIUM	000000	F47.seq
Y4	MEDIUM	00004004003000	F47.seq
Y5	MEDIUM	00000	F47.seq
Y5	MEDIUM	0000000000000	F47.seq
Y3	LARGE	0000303333033030000	F47.seq
Y4	MEDIUM	0000000400000000	F47.seq
Y5	MEDIUM	00000	F47.seq
Y5	MEDIUM	00000	F47.seq
Y3	LARGE	00003330330333203333033000	F47.seq
Y4	MEDIUM	000000	F47.seq
Y5	MEDIUM	00000	F47.seq
Y5	MEDIUM	00000	F47.seq
Y4	MEDIUM	000000000	F47.seq
Y5	MEDIUM	00000	F47.seq
Y3	MEDIUM	00303300	F47.seq
Y4	MEDIUM	000000044040040400	F47.seq
Y5	MEDIUM	0000000000000000	F47.seq
Y3	MEDIUM	0003303000	F47.seq
Y4	MEDIUM	000000000	F47.seq
Y3	MEDIUM	00030	F47.seq
Y4	MEDIUM	0000000	F47.seq
Y5	MEDIUM	00000	F47.seq
Y4	MEDIUM	000000000	F47.seq
Y3	LARGE	000030330330300303000	F47.seq
Y5	MEDIUM	00000	F47.seq
Y4	MEDIUM	000404000	F47.seq
Y5	MEDIUM	00000	F47.seq
Y4	MEDIUM	000000000000	F47.seq
Y4	LARGE	00000000000444400000	F47.seq
Y5	LARGE	0000000000000000000000000	F47.seq
Y3	LARGE	0003033330430403000	F47.seq
Y4	MEDIUM	00000404400	F47.seq
Y5	MEDIUM	00000	F47.seq
Y5	MEDIUM	00000	F47.seq
Y3	MEDIUM	0033333333330000	F47.seq
Y4	MEDIUM	000004000	F47.seq
Y5	MEDIUM	00000000	F47.seq
Y2	MEDIUM	000034400	F47.seq
Y2	MEDIUM	000003030300	F47.seq
Y3	MEDIUM	0000303330000	F47.seq
Y4	MEDIUM	00000000	F47.seq
Y5	MEDIUM	000000	F47.seq
Y1	LARGE	00004324402030200404444400000004044000040000000000030230003200	F47.seq
Y2	LARGE	00002422444444400	F47.seq
Y2	MEDIUM	000000300	F47.seq
Y3	LARGE	00030030030320200	F47.seq
Y4	MEDIUM	000040000	F47.seq
Y5	MEDIUM	00000	F47.seq
Y3	LARGE	000003033030330330300	F47.seq
Y4	MEDIUM	00000	F47.seq
Y4	MEDIUM	0000003000000	F47.seq
Y5	MEDIUM	00000	F47.seq
Y2	MEDIUM	0000300	F47.seq
Y5	MEDIUM	00000	F47.seq
Y2	MEDIUM	000030330300	F47.seq
Y3	LARGE	0003300333333030300000000000	F47.seq
Y4	MEDIUM	000004044400444000	F47.seq
Y5	MEDIUM	00000	F47.seq
Y5	MEDIUM	00000	F47.seq
Y5	MEDIUM	00000	F47.seq
Y4	MEDIUM	00000000000	F47.seq
Y5	LARGE	00000000000000000000	F47.seq
Y2	MEDIUM	000000000	F47.seq
Y3	MEDIUM	00000000	F47.seq
Y4	MEDIUM	00003000000	F47.seq
Y5	MEDIUM	00000	F47.seq
Y5	MEDIUM	00000000	F47.seq
Y2	MEDIUM	40000	F47.seq
Y4	MEDIUM	00000000000	F47.seq
Y5	MEDIUM	0000000	F47.seq
Y5	MEDIUM	00000	F47.seq
Y3	MEDIUM	0000000	F47.seq
Y4	MEDIUM	0000034040000	F47.seq
Y5	MEDIUM	00000	F47.seq
Y2	LARGE	0000000000000000001202030	F47.seq
Y3	LARGE	0000333433300330000000300	F47.seq
Y4	LARGE	00000004404440400300000	F47.seq
Y5	MEDIUM	00000	F47.seq
Y5	MEDIUM	00000000000	F47.seq
Y5	MEDIUM	00000000000000	F47.seq
Y4	MEDIUM	000000000	F47.seq
Y5	LARGE	00000000000000000	F47.seq
Y3	MEDIUM	00000303404030000	F47.seq
Y4	MEDIUM	0000404000	F47.seq
Y5	MEDIUM	000000	F47.seq
Y5	MEDIUM	000000	F47.seq
Y3	LARGE	0033030330330400000000	F47.seq
Y4	LARGE	0000000040440000000	F47.seq
Y5	MEDIUM	0000000000	F47.seq
Y5	MEDIUM	000000000	F47.seq
Y5	MEDIUM	000000	F47.seq
Y3	MEDIUM	0000000000	F47.seq
Y3	MEDIUM	003030333302000	F47.seq
Y4	MEDIUM	000000	F47.seq
Y4	MEDIUM	000030000	F47.seq
Y5	MEDIUM	00000	F47.seq
Y2	MEDIUM	0000300003004000000000	F47.seq
Y2	LARGE	0000000000000004222230	F47.seq
Y3	MEDIUM	000000003030	F47.seq
Y3	MEDIUM	0000440000000	F47.seq
Y4	MEDIUM	0000303300	F47.seq
Y5	MEDIUM	00000000000	F47.seq
Y3	MEDIUM	000000000	F47.seq
Y4	MEDIUM	000040444004044000	F47.seq
Y4	MEDIUM	00030030000	F47.seq
Y5	MEDIUM	00000000	F47.seq
Y4	MEDIUM	00000000000	F47.seq
Y5	MEDIUM	00000	F47.seq
Y3	MEDIUM	000000300	F47.seq
Y3	MEDIUM	0003300	F47.seq
Y3	LARGE	00033333303233000	F47.seq
Y4	MEDIUM	000000	F47.seq
Y4	MEDIUM	0003040000	F47.seq
Y5	MEDIUM	000000	F47.seq
Y3	MEDIUM	00003300	F47.seq
Y4	MEDIUM	00000	F47.seq
Y5	MEDIUM	00000	F47.seq
Y3	MEDIUM	00000000	F47.seq
Y4	MEDIUM	0000000000	F47.seq
Y5	MEDIUM	00000000000	F47.seq
Y4	MEDIUM	000000000	F47.seq
Y4	MEDIUM	000003	F47.seq
Y4	MEDIUM	00003	F47.seq
Y4	MEDIUM	00000000	F47.seq
Y2	MEDIUM	0000000040440330	F47.seq
Y3	MEDIUM	000000000000	F47.seq
Y4	MEDIUM	0000300400000000	F47.seq
Y5	MEDIUM	000000	F47.seq
Y5	MEDIUM	000000	F47.seq
Y5	MEDIUM	00000	F47.seq
Y2	MEDIUM	00000000440000	F47.seq
Y3	LARGE	003334303030000	F47.seq
Y3	MEDIUM	0000033000	F47.seq
Y4	LARGE	00000003004444044040000	F47.seq
Y5	MEDIUM	00000	F47.seq
Y5	MEDIUM	00000	F47.seq
Y5	MEDIUM	00000000	F47.seq
Y5	MEDIUM	000000	F47.seq
Y2	LARGE	00003003033330000000400003000	F47.seq
Y3	LARGE	000000303300303300000	F47.seq
Y4	MEDIUM	0000000000400404400	F47.seq
Y5	MEDIUM	0000000	F47.seq
Y5	MEDIUM	00000	F47.seq
Y4	MEDIUM	000003004000	F47.seq
Y5	MEDIUM	0000000000000000	F47.seq
Y5	MEDIUM	00000000000	F47.seq
Y4	MEDIUM	00000000	F47.seq
Y5	MEDIUM	00000000	F47.seq
Y3	LARGE	003303303330300000	F47.seq
Y4	LARGE	0000000040000340000	F47.seq
Y5	MEDIUM	00000	F47.seq
Y5	MEDIUM	00000000000	F47.seq
Y5	MEDIUM	00000000	F47.seq
Y5	MEDIUM	00000000	F47.seq
Y5	MEDIUM	00000	F47.seq
Y5	MEDIUM	0000000000000000003	F47.seq
Y5	MEDIUM	00000	F47.seq
Y2	LARGE	0000000333203000000300000	F47.seq
Y2	LARGE	000000040040433	F47.seq
Y3	LARGE	00000030330300303000	F47.seq
Y4	LARGE	0000000340440400000	F47.seq
Y3	MEDIUM	0000000000033000000000	F47.seq
Y4	MEDIUM	0000404044004000000	F47.seq
Y5	MEDIUM	000000	F47.seq
Y5	MEDIUM	00000	F47.seq
Y5	MEDIUM	00000	F47.seq
Y5	MEDIUM	0000000000	F47.seq
Y5	MEDIUM	000000	F47.seq
Y4	MEDIUM	033330300	F47.seq
Y5	MEDIUM	000000000000	F47.seq
Y4	MEDIUM	00000340400000	F47.seq
Y5	MEDIUM	0000000000	F47.seq
Y5	MEDIUM	000000000000	F47.seq
Y5	MEDIUM	0000000	F47.seq
Y5	MEDIUM	00000	F47.seq
Y5	MEDIUM	0000000	F47.seq
Y5	MEDIUM	00000	F47.seq
Y5	MEDIUM	00000	F47.seq
Y2	LARGE	000000030030220404004000030	F47.seq
Y2	LARGE	000020304444403200	F47.seq
Y3	MEDIUM	0000003033033000	F47.seq
Y4	MEDIUM	00000	F47.seq
Y5	MEDIUM	00000	F47.seq
Y3	MEDIUM	00000000303300	F47.seq
Y4	LARGE	0000000030040440040004000	F47.seq
Y5	MEDIUM	000000	F47.seq
Y5	MEDIUM	00000	F47.seq
Y5	MEDIUM	00000000000000	F47.seq
Y3	MEDIUM	0000003033	F47.seq
Y4	MEDIUM	000004	F47.seq
Y5	MEDIUM	000000000000	F47.seq
Y5	MEDIUM	000000	F47.seq
Y4	MEDIUM	00000000	F47.seq
Y5	MEDIUM	0000000000000000	F47.seq
Y4	MEDIUM	000034040000	F47.seq
Y5	MEDIUM	000000	F47.seq
Y5	MEDIUM	0000000000000000	F47.seq
Y3	MEDIUM	00003333330000	F47.seq
Y5	MEDIUM	000000	F47.seq
Y4	MEDIUM	00000000000	F47.seq
Y5	MEDIUM	00000	F47.seq
Y5	MEDIUM	000000000000	F47.seq
Y2	LARGE	00030330304000300000000000000000	F47.seq
Y3	LARGE	0303323303000000000000	F47.seq
Y4	LARGE	000000004044040000000	F47.seq
Y5	MEDIUM	000000000	F47.seq
Y4	MEDIUM	000000	F47.seq
Y5	MEDIUM	00000000000	F47.seq
Y5	MEDIUM	00000000	F47.seq
Y4	MEDIUM	00000000	F47.seq
Y5	MEDIUM	0000000000000000	F47.seq
Y5	MEDIUM	00000000	F47.seq
Y5	MEDIUM	00000	F47.seq
Y4	MEDIUM	00000000	F47.seq
Y2	LARGE	000033333400000000300000	F47.seq
Y3	LARGE	00330	F47.seq
Y4	MEDIUM	00004203334000033220	F47.seq
Y4	MEDIUM	00000004000400	F47.seq
Y5	MEDIUM	00000000	F47.seq
Y5	MEDIUM	00000000000000000	F47.seq
Y5	MEDIUM	000000	F47.seq
Y4	MEDIUM	000000000000000	F47.seq
Y5	MEDIUM	00000000000000	F47.seq
Y5	MEDIUM	00000000	F47.seq
Y5	MEDIUM	0000000	F47.seq
Y4	MEDIUM	000000	F47.seq
Y5	MEDIUM	00000	F47.seq
Y2	LARGE	000033020340000000044430000	F47.seq
Y3	LARGE	0303330000300000000000	F47.seq
Y4	MEDIUM	0000340040000	F47.seq
Y5	MEDIUM	000000	F47.seq
Y4	MEDIUM	000000	F47.seq
Y3	MEDIUM	00000000000000000	F47.seq
Y5	MEDIUM	0000000000000000000	F47.seq
Y4	MEDIUM	0003443440400	F47.seq
Y5	LARGE	0000000000000000000000	F47.seq
Y5	MEDIUM	00000	F47.seq
Y4	MEDIUM	00000430400300	F47.seq
Y5	MEDIUM	0000000000000000	F47.seq
Y5	MEDIUM	0000000000000000	F47.seq
Y5	MEDIUM	00000	F47.seq
Y2	MEDIUM	00300200	F47.seq
Y3	LARGE	000303333030000030000000	F47.seq
Y4	LARGE	0000000440444344000000	F47.seq
Y5	MEDIUM	0000000000000	F47.seq
Y4	MEDIUM	000030330030000	F47.seq
Y5	MEDIUM	0000000	F47.seq
Y5	MEDIUM	00000	F47.seq
Y5	MEDIUM	00000000	F47.seq
Y2	LARGE	0000333303433320430403004000000000330000040400200	F47.seq
Y3	MEDIUM	00303300003000000	F47.seq
Y4	MEDIUM	00000000	F47.seq
Y5	MEDIUM	000000	F47.seq
Y5	MEDIUM	0000000000000000	F47.seq
Y4	LARGE	000000044404340040	F47.seq
Y5	MEDIUM	0000000000000000	F47.seq
Y4	MEDIUM	0000003000000	F47.seq
Y3	MEDIUM	00000000	F47.seq
Y4	MEDIUM	00030000	F47.seq
Y5	LARGE	000000000000000000	F47.seq
Y4	MEDIUM	00000044040	F47.seq
Y5	MEDIUM	000000000000002	F47.seq
Y5	MEDIUM	00000	F47.seq
Y4	MEDIUM	00000000	F47.seq
Y5	MEDIUM	00000	F47.seq
Y4	MEDIUM	0000000000400000	F47.seq
Y5	LARGE	0000000000000000000	F47.seq
Y4	LARGE	000003344044444030000	F47.seq
Y5	MEDIUM	00000	F47.seq
Y5	MEDIUM	00000	F47.seq
Y5	MEDIUM	000000000000000000	F47.seq
Y4	MEDIUM	000000	F47.seq
Y5	MEDIUM	00000000000000	F47.seq
Y2	MEDIUM	00333300	F47.seq
Y4	LARGE	0000004444444404000	F47.seq
Y5	MEDIUM	00000	F47.seq
Y5	MEDIUM	00000000000000000	F47.seq
Y2	MEDIUM	00003032032	F47.seq
Y4	MEDIUM	000000	F47.seq
Y5	MEDIUM	000000	F47.seq
Y4	MEDIUM	0000004000000	F47.seq
Y5	MEDIUM	0000000000	F47.seq
Y4	MEDIUM	000000400	F47.seq
Y5	MEDIUM	00000	F47.seq
Y5	MEDIUM	00000	F47.seq
Y4	MEDIUM	00000000	F47.seq
Y5	MEDIUM	00000000000	F47.seq
Y4	LARGE	003000033330020303320	F47.seq
Y4	MEDIUM	000030440004000	F47.seq
Y5	MEDIUM	00000	F47.seq
Y4	LARGE	0000003430444440000000	F47.seq
Y5	MEDIUM	000000000000000000	F47.seq
Y3	MEDIUM	0000000303000003331	F47.seq
Y5	MEDIUM	00000	F47.seq
Y4	LARGE	000000044444444044000	F47.seq
Y5	MEDIUM	00000	F47.seq
Y2	LARGE	000033033040004004004004000000000000340344440000	F47.seq
Y3	LARGE	0000030440404403000001	F47.seq
Y4	LARGE	0000304400004044000	F47.seq
Y5	MEDIUM	000000000	F47.seq
Y4	MEDIUM	000000000	F47.seq
Y5	MEDIUM	00000000000000000	F47.seq
Y4	MEDIUM	0000340000	F47.seq
Y5	MEDIUM	000000000000000000	F47.seq
Y4	MEDIUM	000000	F47.seq
Y5	MEDIUM	00000	F47.seq
Y4	MEDIUM	000000	F47.seq
Y5	MEDIUM	00000	F47.seq
Y4	MEDIUM	0000000340443000	F47.seq
Y5	LARGE	0000000000000000000	F47.seq
Y4	MEDIUM	00304444400	F47.seq
Y5	MEDIUM	000000000000000	F47.seq
Y5	MEDIUM	0000000033000	F47.seq
Y5	MEDIUM	000000000000	F47.seq
Y5	MEDIUM	000000	F47.seq
Y3	MEDIUM	00303000	F47.seq
Y4	MEDIUM	000000	F47.seq
Y5	MEDIUM	00000000000	F47.seq
Y4	MEDIUM	000000	F47.seq
Y5	MEDIUM	00000	F47.seq
Y3	MEDIUM	00000300000003000	F47.seq
Y4	LARGE	000000004044440400000	F47.seq
Y5	MEDIUM	00000	F47.seq
Y5	MEDIUM	00000	F47.seq
Y5	MEDIUM	00000	F47.seq
Y4	MEDIUM	000030000	F47.seq
Y5	MEDIUM	000000	F47.seq
Y5	MEDIUM	00000000000000	F47.seq
Y3	LARGE	00000000333333332230030003000	F47.seq
Y4	LARGE	000000300004004004002000	F47.seq
Y5	MEDIUM	00000000000000	F47.seq
Y5	MEDIUM	00000000	F47.seq
Y5	MEDIUM	00000	F47.seq
Y5	MEDIUM	000000000000000000	F47.seq
Y5	MEDIUM	000000	F47.seq
Y4	MEDIUM	000000000000	F47.seq
Y5	MEDIUM	000000000000000000	F47.seq
Y4	MEDIUM	0000000000000000	F47.seq
Y5	MEDIUM	0000000000000000	F47.seq
Y5	MEDIUM	000000000000000000	F47.seq
Y5	MEDIUM	00000	F47.seq
Y5	MEDIUM	00000000	F47.seq
Y3	LARGE	00303300003003000	F47.seq
Y4	LARGE	0000000440444404400000	F47.seq
Y5	MEDIUM	00000000000	F47.seq
Y5	MEDIUM	00000	F47.seq
Y4	MEDIUM	000000404000	F47.seq
Y5	MEDIUM	0000000000000000000	F47.seq
Y4	MEDIUM	0000030300300300000	F47.seq
Y4	LARGE	00000004004044040440	F47.seq
Y5	MEDIUM	0000000000	F47.seq
Y5	MEDIUM	00000	F47.seq
Y4	MEDIUM	00000004033000	F47.seq
Y4	LARGE	00040040404440000	F47.seq
Y5	MEDIUM	000000000000000	F47.seq
Y5	MEDIUM	00000	F47.seq
Y4	MEDIUM	000000000	F47.seq
Y5	MEDIUM	00000000	F47.seq
Y5	MEDIUM	00000	F47.seq
Y5	MEDIUM	000000	F47.seq
Y4	LARGE	0000000040444444440000000	F47.seq
Y5	MEDIUM	000000000000000000	F47.seq
Y5	MEDIUM	00000	F47.seq
Y4	LARGE	0000004040440044440000	F47.seq
Y5	MEDIUM	000000000000000	F47.seq
Y3	MEDIUM	000000000	F47.seq
Y4	MEDIUM	00000000333000	F47.seq
Y5	MEDIUM	00000000	F47.seq
Y5	MEDIUM	00000000	F47.seq
Y4	MEDIUM	0000000033300	F47.seq
Y5	MEDIUM	000000000000000000	F47.seq
Y5	MEDIUM	00000000	F47.seq
Y5	MEDIUM	0000000	F47.seq
Y4	MEDIUM	000000	F47.seq
Y5	MEDIUM	00000	F47.seq
Y4	MEDIUM	00000000000000	F47.seq
Y5	MEDIUM	0000000000030000	F47.seq
Y4	MEDIUM	000000	F47.seq
Y5	MEDIUM	000000	F47.seq
Y5	MEDIUM	00000	F47.seq
